<?xml version="1.0" encoding="UTF-8" ?>
<module>
	<name>ulogin</name>
	<displayName><![CDATA[uLogin]]></displayName>
	<version><![CDATA[1.0.01]]></version>
	<description><![CDATA[Плагин авторизации через соцсети в 1 клик]]></description>
	<author><![CDATA[uLogin]]></author>
	<tab><![CDATA[uLogin]]></tab>
	<confirmUninstall><![CDATA[Вы действительно хотите удалить модуль?]]></confirmUninstall>
	<is_configurable>1</is_configurable>
	<need_instance>1</need_instance>
	<limited_countries></limited_countries>
</module>